mode,grid_count_total,grid_count_nw,nw_ratio_percent,nw_mean_speed_mps,all_mean_speed_mps,mean_u_mps,mean_v_mps,mean_direction_deg
Annual,52,7,13.461538461538462,0.3305714285714286,0.49211538461538457,0.1692307692307692,0.41434615384615375,91.29999999999998
NE Monsoon,52,9,17.307692307692307,0.34700000000000003,0.4599615384615384,0.1423846153846154,0.381826923076923,94.76923076923077
SW Monsoon,52,10,19.23076923076923,0.3195,0.5144807692307692,0.1826346153846154,0.43294230769230774,104.30961538461537
